Timestamp,Feature,Pipeline,Model,Accuracy,F1_Macro,AUC_OVR,mAP,Train_Time,Model_File,precision_macro,recall_macro,f1_macro,precision_weighted,recall_weighted,f1_weighted,auc_ovr,map,training_time,confusion_matrix
20260129_215029,Fusion_FFTs_MFCCs_STFT,Scaled,KNN,0.845,0.8451514801690474,0.9573166666666668,0.8959860514445395,0.0049097537994384,fusion_ffts_mfccs_stft_scaled_knn_20260129_215029.joblib,0.8484795321637427,0.845,0.8451514801690474,0.8484795321637426,0.845,0.8451514801690475,0.9573166666666668,0.8959860514445395,0.0049097537994384766,"[[43, 4, 2, 1], [5, 40, 4, 1], [0, 3, 45, 2], [2, 1, 6, 41]]"
20260129_212631,STFT,Raw,KNN,0.845,0.8453956088631012,0.9379666666666666,0.8314637737060291,0.0050368309020996,stft_raw_knn_20260129_212631.joblib,0.8478494389208675,0.845,0.8453956088631012,0.8478494389208674,0.845,0.8453956088631012,0.9379666666666666,0.8314637737060291,0.005036830902099609,"[[44, 5, 1, 0], [5, 40, 4, 1], [2, 3, 43, 2], [3, 1, 4, 42]]"
20260129_212631,STFT,Scaled,KNN,0.845,0.845555048942654,0.9454833333333332,0.8424797119663594,0.0022079944610595,stft_scaled_knn_20260129_212631.joblib,0.8478338288120897,0.845,0.845555048942654,0.8478338288120898,0.845,0.845555048942654,0.9454833333333332,0.8424797119663594,0.0022079944610595703,"[[43, 6, 1, 0], [5, 40, 4, 1], [3, 2, 43, 2], [3, 0, 4, 43]]"
20260129_215234,Fusion_FFTs_MFCC_STFT,Scaled,KNN,0.835,0.8349264246403169,0.95265,0.8865571683443978,0.0050256252288818,fusion_ffts_mfcc_stft_scaled_knn_20260129_215234.joblib,0.840158707014661,0.835,0.8349264246403169,0.840158707014661,0.835,0.8349264246403169,0.95265,0.8865571683443978,0.005025625228881836,"[[44, 3, 2, 1], [6, 38, 5, 1], [0, 3, 45, 2], [1, 2, 7, 40]]"
20260129_215234,Fusion_FFTs_MFCC_STFT,Scaled,SVM,0.83,0.8284860414778568,0.9692666666666664,0.924301154266946,59.36902046203613,fusion_ffts_mfcc_stft_scaled_svm_20260129_215234.joblib,0.8365611567843535,0.83,0.8284860414778568,0.8365611567843536,0.83,0.8284860414778566,0.9692666666666665,0.924301154266946,59.36902046203613,"[[45, 4, 1, 0], [10, 34, 5, 1], [0, 3, 46, 1], [1, 1, 7, 41]]"
20260129_215029,Fusion_FFTs_MFCCs_STFT,Scaled,SVM,0.82,0.8187524328866201,0.9700333333333334,0.9262142960587916,44.13159823417664,fusion_ffts_mfccs_stft_scaled_svm_20260129_215029.joblib,0.8245042773424045,0.82,0.8187524328866201,0.8245042773424046,0.82,0.8187524328866203,0.9700333333333334,0.9262142960587917,44.131598234176636,"[[45, 4, 1, 0], [10, 34, 5, 1], [0, 4, 44, 2], [1, 1, 7, 41]]"
20260129_212200,FFTs,Raw,SVM,0.815,0.8124745043648527,0.9607,0.9139674256910124,15.974801540374756,ffts_raw_svm_20260129_212200.joblib,0.8146655961600738,0.815,0.8124745043648527,0.8146655961600738,0.815,0.8124745043648528,0.9606999999999999,0.9139674256910123,15.974801540374756,"[[44, 2, 3, 1], [9, 33, 5, 3], [0, 6, 41, 3], [1, 0, 4, 45]]"
20260129_213401,STFTs,Raw,SVM,0.805,0.8046538615446178,0.9500666666666666,0.8743971926769238,17.955243349075317,stfts_raw_svm_20260129_213401.joblib,0.8046153846153845,0.8049999999999999,0.8046538615446178,0.8046153846153845,0.805,0.8046538615446178,0.9500666666666666,0.8743971926769238,17.955243349075317,"[[41, 6, 3, 0], [8, 36, 3, 3], [1, 4, 41, 4], [0, 2, 5, 43]]"
20260129_213827,Fusion_FFTs_STFTs,Raw,SVM,0.8,0.7975525710897586,0.9551,0.9020606544916362,67.63246321678162,fusion_ffts_stfts_raw_svm_20260129_213827.joblib,0.799282212885154,0.7999999999999999,0.7975525710897586,0.799282212885154,0.8,0.7975525710897585,0.9551000000000001,0.9020606544916362,67.63246321678162,"[[43, 3, 3, 1], [7, 33, 5, 5], [0, 6, 39, 5], [1, 0, 4, 45]]"
20260129_215029,Fusion_FFTs_MFCCs_STFT,Raw,KNN,0.795,0.7958372047596897,0.9490833333333332,0.8886143654483749,0.0057175159454345,fusion_ffts_mfccs_stft_raw_knn_20260129_215029.joblib,0.8026486126197294,0.7949999999999999,0.7958372047596897,0.8026486126197294,0.795,0.7958372047596896,0.9490833333333333,0.8886143654483749,0.00571751594543457,"[[43, 5, 1, 1], [7, 36, 6, 1], [0, 7, 42, 1], [2, 2, 8, 38]]"
20260129_215029,Fusion_FFTs_MFCCs_STFT,Raw,SVM,0.785,0.7845110108996732,0.9459666666666666,0.8662264953662309,37.12123322486877,fusion_ffts_mfccs_stft_raw_svm_20260129_215029.joblib,0.7946512707352661,0.7849999999999999,0.7845110108996732,0.7946512707352662,0.785,0.7845110108996732,0.9459666666666666,0.8662264953662309,37.121233224868774,"[[43, 6, 1, 0], [11, 32, 6, 1], [3, 3, 43, 1], [0, 2, 9, 39]]"
20260129_215029,Fusion_FFTs_MFCCs_STFT,Raw,RF,0.78,0.7789788090297429,0.9445333333333332,0.8613925221399609,7.165728092193604,fusion_ffts_mfccs_stft_raw_rf_20260129_215029.joblib,0.8009622200423875,0.78,0.7789788090297429,0.8009622200423874,0.78,0.7789788090297428,0.9445333333333333,0.8613925221399609,7.1657280921936035,"[[46, 3, 1, 0], [10, 33, 7, 0], [1, 5, 43, 1], [1, 2, 13, 34]]"
20260129_215029,Fusion_FFTs_MFCCs_STFT,Scaled,RF,0.78,0.7789788090297429,0.9443833333333334,0.8610770201970344,6.389265537261963,fusion_ffts_mfccs_stft_scaled_rf_20260129_215029.joblib,0.8009622200423875,0.78,0.7789788090297429,0.8009622200423874,0.78,0.7789788090297428,0.9443833333333334,0.8610770201970344,6.389265537261963,"[[46, 3, 1, 0], [10, 33, 7, 0], [1, 5, 43, 1], [1, 2, 13, 34]]"
20260129_212948,Fusion_FFT_STFT,Raw,SVM,0.775,0.7744522543059777,0.9327666666666666,0.829586585190867,40.96022415161133,fusion_fft_stft_raw_svm_20260129_212948.joblib,0.7778656126482213,0.7750000000000001,0.7744522543059777,0.7778656126482214,0.775,0.7744522543059777,0.9327666666666666,0.829586585190867,40.96022415161133,"[[42, 4, 3, 1], [11, 34, 4, 1], [1, 4, 40, 5], [1, 2, 8, 39]]"
20260129_213827,Fusion_FFTs_STFTs,Raw,KNN,0.77,0.7691172014660479,0.93295,0.8232709139964907,0.0063016414642333,fusion_ffts_stfts_raw_knn_20260129_213827.joblib,0.7815162043646904,0.77,0.7691172014660479,0.7815162043646905,0.77,0.7691172014660479,0.9329500000000001,0.8232709139964907,0.0063016414642333984,"[[43, 4, 1, 2], [11, 31, 7, 1], [5, 3, 41, 1], [2, 1, 8, 39]]"
20260129_215029,Fusion_FFTs_MFCCs_STFT,Scaled,ET,0.77,0.7669853472632893,0.9451833333333336,0.8623462268646371,1.9081737995147705,fusion_ffts_mfccs_stft_scaled_et_20260129_215029.joblib,0.7837989058355437,0.77,0.7669853472632893,0.7837989058355439,0.77,0.7669853472632893,0.9451833333333335,0.8623462268646371,1.9081737995147705,"[[46, 3, 1, 0], [13, 30, 5, 2], [2, 5, 42, 1], [3, 1, 10, 36]]"
20260129_215234,Fusion_FFTs_MFCC_STFT,Raw,RF,0.77,0.7674151173047637,0.94655,0.8663825353582307,6.243795156478882,fusion_ffts_mfcc_stft_raw_rf_20260129_215234.joblib,0.788702914126643,0.77,0.7674151173047637,0.7887029141266428,0.77,0.7674151173047637,0.94655,0.8663825353582307,6.243795156478882,"[[45, 4, 1, 0], [11, 30, 8, 1], [2, 3, 44, 1], [1, 2, 12, 35]]"
20260129_212200,FFTs,Raw,KNN,0.77,0.7691172014660479,0.93295,0.8232709139964907,0.0068230628967285,ffts_raw_knn_20260129_212200.joblib,0.7815162043646904,0.77,0.7691172014660479,0.7815162043646905,0.77,0.7691172014660479,0.9329500000000001,0.8232709139964907,0.006823062896728516,"[[43, 4, 1, 2], [11, 31, 7, 1], [5, 3, 41, 1], [2, 1, 8, 39]]"
20260129_215234,Fusion_FFTs_MFCC_STFT,Scaled,RF,0.77,0.7674151173047637,0.9466,0.8674029613441199,6.170242786407471,fusion_ffts_mfcc_stft_scaled_rf_20260129_215234.joblib,0.788702914126643,0.77,0.7674151173047637,0.7887029141266428,0.77,0.7674151173047637,0.9466,0.8674029613441199,6.170242786407471,"[[45, 4, 1, 0], [11, 30, 8, 1], [2, 3, 44, 1], [1, 2, 12, 35]]"
20260129_213827,Fusion_FFTs_STFTs,Raw,RF,0.765,0.7614567249474906,0.9366666666666668,0.8499134790186027,2.049440383911133,fusion_ffts_stfts_raw_rf_20260129_213827.joblib,0.7910119378385632,0.765,0.7614567249474906,0.7910119378385632,0.765,0.7614567249474906,0.9366666666666668,0.8499134790186027,2.049440383911133,"[[46, 2, 2, 0], [12, 31, 5, 2], [2, 4, 44, 0], [3, 1, 14, 32]]"
20260129_213827,Fusion_FFTs_STFTs,Scaled,KNN,0.765,0.7649867820858387,0.9339333333333332,0.8303059930065286,0.0042290687561035,fusion_ffts_stfts_scaled_knn_20260129_213827.joblib,0.7780185736765202,0.7649999999999999,0.7649867820858387,0.7780185736765202,0.765,0.7649867820858387,0.9339333333333333,0.8303059930065286,0.004229068756103516,"[[43, 4, 2, 1], [7, 32, 10, 1], [4, 3, 41, 2], [2, 2, 9, 37]]"
20260129_213827,Fusion_FFTs_STFTs,Scaled,RF,0.765,0.7614567249474906,0.9365166666666668,0.8500359766962107,1.611616134643555,fusion_ffts_stfts_scaled_rf_20260129_213827.joblib,0.7910119378385632,0.765,0.7614567249474906,0.7910119378385632,0.765,0.7614567249474906,0.9365166666666667,0.8500359766962107,1.6116161346435547,"[[46, 2, 2, 0], [12, 31, 5, 2], [2, 4, 44, 0], [3, 1, 14, 32]]"
20260129_212200,FFTs,Scaled,KNN,0.765,0.7649867820858387,0.9339333333333332,0.8303059930065286,0.0023486614227294,ffts_scaled_knn_20260129_212200.joblib,0.7780185736765202,0.7649999999999999,0.7649867820858387,0.7780185736765202,0.765,0.7649867820858387,0.9339333333333333,0.8303059930065286,0.002348661422729492,"[[43, 4, 2, 1], [7, 32, 10, 1], [4, 3, 41, 2], [2, 2, 9, 37]]"
20260129_215029,Fusion_FFTs_MFCCs_STFT,Raw,ET,0.765,0.7624733463701348,0.9449,0.8617581930056384,2.879316568374634,fusion_ffts_mfccs_stft_raw_et_20260129_215029.joblib,0.77787514209928,0.7649999999999999,0.7624733463701348,0.7778751420992801,0.765,0.7624733463701346,0.9449,0.8617581930056384,2.879316568374634,"[[45, 4, 1, 0], [13, 30, 5, 2], [2, 5, 42, 1], [3, 1, 10, 36]]"
20260129_215234,Fusion_FFTs_MFCC_STFT,Scaled,ET,0.75,0.7508877658816767,0.9492333333333334,0.8713826252995729,2.490450620651245,fusion_ffts_mfcc_stft_scaled_et_20260129_215234.joblib,0.7696428571428571,0.75,0.7508877658816767,0.7696428571428571,0.75,0.7508877658816766,0.9492333333333334,0.8713826252995729,2.490450620651245,"[[42, 6, 2, 0], [10, 33, 7, 0], [2, 5, 41, 2], [2, 1, 13, 34]]"
20260129_215234,Fusion_FFTs_MFCC_STFT,Raw,ET,0.75,0.7508877658816767,0.9493333333333334,0.8713207315581447,1.911447525024414,fusion_ffts_mfcc_stft_raw_et_20260129_215234.joblib,0.7696428571428571,0.75,0.7508877658816767,0.7696428571428571,0.75,0.7508877658816766,0.9493333333333334,0.8713207315581447,1.911447525024414,"[[42, 6, 2, 0], [10, 33, 7, 0], [2, 5, 41, 2], [2, 1, 13, 34]]"
20260129_212200,FFTs,Raw,RF,0.75,0.7496342737722048,0.9382666666666668,0.8389309636456194,1.114145278930664,ffts_raw_rf_20260129_212200.joblib,0.7667190446260214,0.75,0.7496342737722048,0.7667190446260213,0.75,0.7496342737722048,0.9382666666666667,0.8389309636456194,1.114145278930664,"[[42, 7, 1, 0], [12, 31, 6, 1], [4, 3, 42, 1], [2, 2, 11, 35]]"
20260129_212200,FFTs,Scaled,RF,0.735,0.7346651938046035,0.9375333333333332,0.8368402991904017,1.178258180618286,ffts_scaled_rf_20260129_212200.joblib,0.7505961869107334,0.7349999999999999,0.7346651938046035,0.7505961869107334,0.735,0.7346651938046036,0.9375333333333333,0.8368402991904017,1.1782581806182861,"[[41, 7, 2, 0], [13, 30, 6, 1], [4, 3, 41, 2], [1, 2, 12, 35]]"
20260129_212200,FFTs,Raw,ET,0.73,0.7307591216981948,0.9313333333333332,0.8300580000740475,0.4350621700286865,ffts_raw_et_20260129_212200.joblib,0.747047162369743,0.73,0.7307591216981948,0.7470471623697429,0.73,0.7307591216981948,0.9313333333333333,0.8300580000740475,0.4350621700286865,"[[40, 8, 2, 0], [12, 30, 8, 0], [1, 6, 41, 2], [3, 1, 11, 35]]"
20260129_214850,Fusion_PCA(FFTs+MFCCs+STFT),Individual_PCA,ET,0.725,0.7223837033834037,0.91765,0.814865589682501,0.3413741588592529,fusion_ffts_mfccs_stft_pca_et_20260129_214850.joblib,0.7309786980780139,0.7250000000000001,0.7223837033834037,0.7309786980780139,0.725,0.7223837033834037,0.9176500000000001,0.814865589682501,0.34137415885925293,"[[43, 5, 1, 1], [16, 29, 3, 2], [2, 5, 38, 5], [3, 2, 10, 35]]"
20260129_214623,Fusion_PCA(FFT+MFCC+STFT),Individual_PCA,ET,0.725,0.7223837033834037,0.91765,0.814865589682501,0.3970448970794678,fusion_pca_et_20260129_214623.joblib,0.7309786980780139,0.7250000000000001,0.7223837033834037,0.7309786980780139,0.725,0.7223837033834037,0.9176500000000001,0.814865589682501,0.3970448970794678,"[[43, 5, 1, 1], [16, 29, 3, 2], [2, 5, 38, 5], [3, 2, 10, 35]]"
20260129_213827,Fusion_FFTs_STFTs,Raw,ET,0.725,0.7241665018206359,0.94015,0.8531760250750428,0.8823757171630859,fusion_ffts_stfts_raw_et_20260129_213827.joblib,0.748333234562048,0.725,0.7241665018206359,0.7483332345620483,0.725,0.7241665018206359,0.94015,0.8531760250750428,0.8823757171630859,"[[42, 5, 3, 0], [12, 29, 8, 1], [3, 4, 41, 2], [2, 1, 14, 33]]"
20260129_213827,Fusion_FFTs_STFTs,Scaled,ET,0.725,0.7241665018206359,0.94025,0.8533012394891372,0.7555339336395264,fusion_ffts_stfts_scaled_et_20260129_213827.joblib,0.748333234562048,0.725,0.7241665018206359,0.7483332345620483,0.725,0.7241665018206359,0.94025,0.8533012394891372,0.7555339336395264,"[[42, 5, 3, 0], [12, 29, 8, 1], [3, 4, 41, 2], [2, 1, 14, 33]]"
20260129_212200,FFTs,Scaled,ET,0.72,0.720943591554087,0.93055,0.8266674287711696,0.5125277042388916,ffts_scaled_et_20260129_212200.joblib,0.738688191031941,0.72,0.720943591554087,0.7386881910319409,0.72,0.7209435915540869,0.93055,0.8266674287711696,0.5125277042388916,"[[39, 8, 3, 0], [12, 29, 9, 0], [1, 6, 41, 2], [3, 1, 11, 35]]"
20260129_213401,STFTs,Scaled,KNN,0.71,0.7112743886937436,0.8856999999999999,0.7255710022726825,0.0041751861572265,stfts_scaled_knn_20260129_213401.joblib,0.7262523434548005,0.71,0.7112743886937436,0.7262523434548005,0.71,0.7112743886937435,0.8856999999999999,0.7255710022726825,0.0041751861572265625,"[[42, 7, 1, 0], [14, 31, 3, 2], [7, 7, 33, 3], [4, 4, 6, 36]]"
20260129_213401,STFTs,Scaled,ET,0.705,0.7059611622668795,0.9150166666666668,0.7883164786504201,0.4732193946838379,stfts_scaled_et_20260129_213401.joblib,0.722496141639482,0.705,0.7059611622668795,0.722496141639482,0.705,0.7059611622668795,0.9150166666666667,0.7883164786504201,0.4732193946838379,"[[42, 7, 1, 0], [13, 28, 9, 0], [3, 8, 37, 2], [1, 4, 11, 34]]"
20260129_213401,STFTs,Raw,ET,0.705,0.7059611622668795,0.9151166666666666,0.7886416319808277,0.8544738292694092,stfts_raw_et_20260129_213401.joblib,0.722496141639482,0.705,0.7059611622668795,0.722496141639482,0.705,0.7059611622668795,0.9151166666666666,0.7886416319808277,0.8544738292694092,"[[42, 7, 1, 0], [13, 28, 9, 0], [3, 8, 37, 2], [1, 4, 11, 34]]"
20260129_214623,Fusion_PCA(FFT+MFCC+STFT),Individual_PCA,RF,0.7,0.6980802739197149,0.9179666666666666,0.8093336496909828,0.61081862449646,fusion_pca_rf_20260129_214623.joblib,0.7059888267211375,0.7,0.6980802739197149,0.7059888267211375,0.7,0.6980802739197149,0.9179666666666666,0.8093336496909828,0.61081862449646,"[[43, 6, 0, 1], [13, 31, 5, 1], [6, 7, 31, 6], [3, 3, 9, 35]]"
20260129_214850,Fusion_PCA(FFTs+MFCCs+STFT),Individual_PCA,RF,0.7,0.6980802739197149,0.9179666666666666,0.8093336496909828,0.5104422569274902,fusion_ffts_mfccs_stft_pca_rf_20260129_214850.joblib,0.7059888267211375,0.7,0.6980802739197149,0.7059888267211375,0.7,0.6980802739197149,0.9179666666666666,0.8093336496909828,0.5104422569274902,"[[43, 6, 0, 1], [13, 31, 5, 1], [6, 7, 31, 6], [3, 3, 9, 35]]"
20260129_213401,STFTs,Raw,KNN,0.695,0.6944990739924155,0.8971,0.7454248421206918,0.0049488544464111,stfts_raw_knn_20260129_213401.joblib,0.7081418581418581,0.6949999999999998,0.6944990739924155,0.708141858141858,0.695,0.6944990739924155,0.8971,0.7454248421206918,0.004948854446411133,"[[41, 8, 1, 0], [17, 26, 5, 2], [5, 7, 36, 2], [3, 1, 10, 36]]"
20260129_212200,FFTs,Scaled,SVM,0.695,0.6935069936321501,0.9324666666666668,0.8334177541339605,20.0978684425354,ffts_scaled_svm_20260129_212200.joblib,0.7264224342730441,0.695,0.6935069936321501,0.7264224342730441,0.695,0.69350699363215,0.9324666666666667,0.8334177541339605,20.0978684425354,"[[35, 2, 0, 13], [9, 26, 4, 11], [0, 6, 33, 11], [0, 1, 4, 45]]"
20260129_213401,STFTs,Raw,RF,0.69,0.6910354669788632,0.9055166666666666,0.7873321752294733,1.839677810668945,stfts_raw_rf_20260129_213401.joblib,0.7026456226773832,0.6900000000000001,0.6910354669788632,0.7026456226773832,0.69,0.6910354669788632,0.9055166666666666,0.7873321752294733,1.8396778106689453,"[[40, 8, 1, 1], [15, 28, 7, 0], [2, 9, 36, 3], [1, 3, 12, 34]]"
20260129_213401,STFTs,Scaled,RF,0.69,0.6910354669788632,0.9055166666666666,0.7873321752294733,1.132434606552124,stfts_scaled_rf_20260129_213401.joblib,0.7026456226773832,0.6900000000000001,0.6910354669788632,0.7026456226773832,0.69,0.6910354669788632,0.9055166666666666,0.7873321752294733,1.132434606552124,"[[40, 8, 1, 1], [15, 28, 7, 0], [2, 9, 36, 3], [1, 3, 12, 34]]"
20260129_214220,MFCCs,Raw,KNN,0.69,0.6897334648951274,0.8805499999999999,0.7107243006354146,0.001955509185791,mfccs_raw_knn_20260129_214220.joblib,0.7047849494100735,0.6900000000000001,0.6897334648951274,0.7047849494100735,0.69,0.6897334648951275,0.8805499999999999,0.7107243006354146,0.0019555091857910156,"[[43, 5, 1, 1], [12, 29, 8, 1], [7, 9, 32, 2], [3, 1, 12, 34]]"
20260129_214220,MFCCs,Raw,ET,0.685,0.6861422880873682,0.89385,0.7664629366776347,0.2711036205291748,mfccs_raw_et_20260129_214220.joblib,0.6936657212519282,0.685,0.6861422880873682,0.6936657212519282,0.685,0.6861422880873681,0.89385,0.7664629366776347,0.2711036205291748,"[[39, 6, 4, 1], [10, 28, 10, 2], [5, 8, 34, 3], [1, 3, 10, 36]]"
20260129_212631,STFT,Scaled,SVM,0.685,0.685080690100974,0.9119666666666668,0.7975095642465526,8.082324028015137,stft_scaled_svm_20260129_212631.joblib,0.7071947416459612,0.685,0.685080690100974,0.7071947416459611,0.685,0.6850806901009742,0.9119666666666667,0.7975095642465526,8.082324028015137,"[[42, 7, 1, 0], [17, 25, 7, 1], [7, 7, 35, 1], [4, 2, 9, 35]]"
20260129_214220,MFCCs,Scaled,ET,0.685,0.6861422880873682,0.89385,0.7664629366776347,0.2501060962677002,mfccs_scaled_et_20260129_214220.joblib,0.6936657212519282,0.685,0.6861422880873682,0.6936657212519282,0.685,0.6861422880873681,0.89385,0.7664629366776347,0.2501060962677002,"[[39, 6, 4, 1], [10, 28, 10, 2], [5, 8, 34, 3], [1, 3, 10, 36]]"
20260129_212358,MFCC_Default,Raw,ET,0.67,0.6713325655714797,0.89165,0.7483090416981362,0.2667453289031982,mfcc_default_raw_et_20260129_212358.joblib,0.6766908767465423,0.6699999999999999,0.6713325655714797,0.6766908767465423,0.67,0.6713325655714797,0.89165,0.7483090416981362,0.26674532890319824,"[[36, 10, 4, 0], [12, 28, 8, 2], [5, 6, 34, 5], [1, 3, 10, 36]]"
20260129_212358,MFCC_Default,Scaled,ET,0.67,0.6713325655714797,0.89165,0.7483090416981362,0.2623059749603271,mfcc_default_scaled_et_20260129_212358.joblib,0.6766908767465423,0.6699999999999999,0.6713325655714797,0.6766908767465423,0.67,0.6713325655714797,0.89165,0.7483090416981362,0.26230597496032715,"[[36, 10, 4, 0], [12, 28, 8, 2], [5, 6, 34, 5], [1, 3, 10, 36]]"
20260129_212948,Fusion_FFT_STFT,Raw,KNN,0.67,0.6705104067874449,0.8723666666666666,0.6984140868005032,0.0061268806457519,fusion_fft_stft_raw_knn_20260129_212948.joblib,0.6766693965721883,0.6699999999999999,0.6705104067874449,0.6766693965721882,0.67,0.6705104067874449,0.8723666666666666,0.6984140868005032,0.006126880645751953,"[[40, 6, 4, 0], [13, 28, 9, 0], [4, 10, 30, 6], [2, 4, 8, 36]]"
20260129_214220,MFCCs,Scaled,SVM,0.665,0.66850856526351,0.9127666666666666,0.7946667702621069,1.399065017700195,mfccs_scaled_svm_20260129_214220.joblib,0.6894646310282598,0.665,0.66850856526351,0.6894646310282598,0.665,0.66850856526351,0.9127666666666666,0.7946667702621069,1.3990650177001953,"[[37, 8, 5, 0], [15, 27, 8, 0], [5, 8, 35, 2], [4, 1, 11, 34]]"
20260129_214355,Fusion_FFT_MFCC,Raw,KNN,0.66,0.6595477167376915,0.8518333333333333,0.6477048501587066,0.0045795440673828,fusion_fft_mfcc_raw_knn_20260129_214355.joblib,0.6706308817512275,0.66,0.6595477167376915,0.6706308817512274,0.66,0.6595477167376916,0.8518333333333333,0.6477048501587066,0.0045795440673828125,"[[41, 8, 1, 0], [11, 30, 7, 2], [7, 11, 28, 4], [5, 1, 11, 33]]"
20260129_215234,Fusion_FFTs_MFCC_STFT,Raw,KNN,0.66,0.6599963973128191,0.8828499999999999,0.7437497952109628,0.0039584636688232,fusion_ffts_mfcc_stft_raw_knn_20260129_215234.joblib,0.6666666666666666,0.66,0.6599963973128191,0.6666666666666665,0.66,0.6599963973128191,0.8828499999999999,0.7437497952109628,0.003958463668823242,"[[38, 10, 0, 2], [9, 30, 8, 3], [5, 8, 33, 4], [5, 0, 14, 31]]"
20260129_214220,MFCCs,Raw,RF,0.655,0.6563848188848189,0.8828833333333335,0.7477276434357498,0.2410194873809814,mfccs_raw_rf_20260129_214220.joblib,0.6642868421664998,0.655,0.6563848188848189,0.6642868421665,0.655,0.6563848188848189,0.8828833333333335,0.7477276434357498,0.24101948738098145,"[[39, 6, 4, 1], [9, 28, 11, 2], [5, 9, 31, 5], [2, 3, 12, 33]]"
20260129_214220,MFCCs,Scaled,RF,0.655,0.6563848188848189,0.8828833333333335,0.7477276434357498,0.2045726776123047,mfccs_scaled_rf_20260129_214220.joblib,0.6642868421664998,0.655,0.6563848188848189,0.6642868421665,0.655,0.6563848188848189,0.8828833333333335,0.7477276434357498,0.2045726776123047,"[[39, 6, 4, 1], [9, 28, 11, 2], [5, 9, 31, 5], [2, 3, 12, 33]]"
20260129_212358,MFCC_Default,Raw,RF,0.65,0.6520566915641289,0.8859666666666667,0.7401362199050593,0.1836929321289062,mfcc_default_raw_rf_20260129_212358.joblib,0.6612454695661443,0.65,0.6520566915641289,0.6612454695661444,0.65,0.6520566915641289,0.8859666666666667,0.7401362199050593,0.18369293212890625,"[[35, 10, 4, 1], [11, 28, 9, 2], [5, 7, 34, 4], [2, 3, 12, 33]]"
20260129_212358,MFCC_Default,Scaled,RF,0.65,0.6520566915641289,0.8859666666666667,0.7401362199050593,0.1848566532135009,mfcc_default_scaled_rf_20260129_212358.joblib,0.6612454695661443,0.65,0.6520566915641289,0.6612454695661444,0.65,0.6520566915641289,0.8859666666666667,0.7401362199050593,0.18485665321350098,"[[35, 10, 4, 1], [11, 28, 9, 2], [5, 7, 34, 4], [2, 3, 12, 33]]"
20260129_213827,Fusion_FFTs_STFTs,Scaled,SVM,0.645,0.6431602236878495,0.9050666666666668,0.7628832065047907,64.3643171787262,fusion_ffts_stfts_scaled_svm_20260129_213827.joblib,0.6965201465201465,0.645,0.6431602236878495,0.6965201465201466,0.645,0.6431602236878495,0.9050666666666667,0.7628832065047907,64.3643171787262,"[[31, 4, 1, 14], [8, 25, 4, 13], [0, 5, 27, 18], [0, 1, 3, 46]]"
20260129_212358,MFCC_Default,Scaled,SVM,0.64,0.6464195867026056,0.8783000000000001,0.744208473324045,1.30670428276062,mfcc_default_scaled_svm_20260129_212358.joblib,0.6706512605042017,0.64,0.6464195867026056,0.6706512605042017,0.64,0.6464195867026057,0.8783000000000001,0.744208473324045,1.3067042827606201,"[[33, 12, 5, 0], [11, 32, 5, 2], [9, 10, 31, 0], [7, 2, 9, 32]]"
20260129_212948,Fusion_FFT_STFT,Scaled,ET,0.635,0.6370557030400236,0.8624833333333333,0.7142729903544978,0.3553423881530761,fusion_fft_stft_scaled_et_20260129_212948.joblib,0.6634628754171301,0.635,0.6370557030400236,0.6634628754171301,0.635,0.6370557030400237,0.8624833333333333,0.7142729903544978,0.35534238815307617,"[[38, 10, 2, 0], [17, 24, 8, 1], [4, 10, 35, 1], [3, 4, 13, 30]]"
20260129_212358,MFCC_Default,Raw,KNN,0.63,0.6316546167128286,0.8610833333333332,0.6657450422153602,0.0071203708648681,mfcc_default_raw_knn_20260129_212358.joblib,0.6457299784341651,0.63,0.6316546167128286,0.6457299784341651,0.63,0.6316546167128285,0.8610833333333332,0.6657450422153602,0.007120370864868164,"[[37, 12, 0, 1], [12, 29, 6, 3], [6, 11, 30, 3], [7, 2, 11, 30]]"
20260129_214220,MFCCs,Scaled,KNN,0.625,0.6263030411962595,0.8594166666666666,0.67868905293422,0.0011403560638427,mfccs_scaled_knn_20260129_214220.joblib,0.6435958685958687,0.625,0.6263030411962595,0.6435958685958687,0.625,0.6263030411962595,0.8594166666666666,0.67868905293422,0.0011403560638427734,"[[39, 6, 5, 0], [15, 24, 10, 1], [7, 11, 29, 3], [4, 3, 10, 33]]"
20260129_212948,Fusion_FFT_STFT,Raw,ET,0.625,0.6262022142375763,0.8613666666666667,0.7132821412043128,0.308873176574707,fusion_fft_stft_raw_et_20260129_212948.joblib,0.6530389529307179,0.625,0.6262022142375763,0.6530389529307178,0.625,0.6262022142375764,0.8613666666666667,0.7132821412043128,0.30887317657470703,"[[38, 10, 2, 0], [18, 22, 9, 1], [4, 10, 35, 1], [3, 4, 13, 30]]"
20260129_212358,MFCC_Default,Scaled,KNN,0.625,0.6278967941137827,0.8444,0.6394816120297364,0.003563642501831,mfcc_default_scaled_knn_20260129_212358.joblib,0.6491020176186417,0.625,0.6278967941137827,0.6491020176186416,0.625,0.6278967941137827,0.8444,0.6394816120297364,0.0035636425018310547,"[[38, 10, 2, 0], [16, 27, 6, 1], [8, 11, 28, 3], [6, 2, 10, 32]]"
20260129_212948,Fusion_FFT_STFT,Scaled,RF,0.61,0.6106647360813847,0.8584333333333334,0.7043036552273148,1.7496140003204346,fusion_fft_stft_scaled_rf_20260129_212948.joblib,0.632527562306974,0.6100000000000001,0.6106647360813847,0.6325275623069742,0.61,0.6106647360813848,0.8584333333333334,0.7043036552273148,1.7496140003204346,"[[38, 8, 4, 0], [23, 20, 7, 0], [2, 12, 33, 3], [2, 5, 12, 31]]"
20260129_212948,Fusion_FFT_STFT,Raw,RF,0.61,0.6143099559572531,0.8556833333333332,0.7033717916271173,1.5805249214172363,fusion_fft_stft_raw_rf_20260129_212948.joblib,0.6398220298220298,0.61,0.6143099559572531,0.6398220298220297,0.61,0.614309955957253,0.8556833333333332,0.7033717916271173,1.5805249214172363,"[[37, 9, 4, 0], [22, 22, 6, 0], [2, 14, 32, 2], [2, 5, 12, 31]]"
20260129_213401,STFTs,Scaled,SVM,0.605,0.6001630957660533,0.8629333333333333,0.7043477132200087,16.278096675872803,stfts_scaled_svm_20260129_213401.joblib,0.6358088301316756,0.605,0.6001630957660533,0.6358088301316756,0.605,0.6001630957660532,0.8629333333333333,0.7043477132200087,16.278096675872803,"[[29, 8, 2, 11], [10, 24, 3, 13], [3, 4, 25, 18], [1, 1, 5, 43]]"
20260129_214355,Fusion_FFT_MFCC,Raw,RF,0.6,0.6038113308524226,0.83595,0.6709529808154095,0.6217203140258789,fusion_fft_mfcc_raw_rf_20260129_214355.joblib,0.6232190691881663,0.6000000000000001,0.6038113308524226,0.6232190691881663,0.6,0.6038113308524226,0.83595,0.6709529808154095,0.6217203140258789,"[[34, 14, 1, 1], [13, 23, 14, 0], [8, 7, 32, 3], [4, 4, 11, 31]]"
20260129_214355,Fusion_FFT_MFCC,Scaled,RF,0.595,0.5982375758111051,0.83625,0.6705584681879048,0.6293380260467529,fusion_fft_mfcc_scaled_rf_20260129_214355.joblib,0.6182690855977164,0.5950000000000001,0.5982375758111051,0.6182690855977164,0.595,0.5982375758111051,0.83625,0.6705584681879048,0.6293380260467529,"[[34, 14, 1, 1], [14, 22, 14, 0], [8, 7, 32, 3], [5, 3, 11, 31]]"
20260129_214355,Fusion_FFT_MFCC,Raw,ET,0.565,0.5695166438668491,0.8146500000000001,0.6373310376628981,0.3186469078063965,fusion_fft_mfcc_raw_et_20260129_214355.joblib,0.5862179487179487,0.5650000000000001,0.5695166438668491,0.5862179487179487,0.565,0.5695166438668491,0.8146500000000001,0.6373310376628981,0.3186469078063965,"[[33, 13, 2, 2], [14, 23, 13, 0], [10, 9, 27, 4], [3, 7, 10, 30]]"
20260129_212948,Fusion_FFT_STFT,Scaled,KNN,0.56,0.56484281287485,0.78595,0.5688117626893509,0.0030417442321777,fusion_fft_stft_scaled_knn_20260129_212948.joblib,0.5985054347826086,0.5599999999999999,0.56484281287485,0.5985054347826086,0.56,0.56484281287485,0.78595,0.5688117626893509,0.0030417442321777344,"[[36, 11, 3, 0], [19, 21, 10, 0], [14, 9, 25, 2], [3, 5, 12, 30]]"
20260129_214355,Fusion_FFT_MFCC,Scaled,ET,0.56,0.5650206546811151,0.8146833333333333,0.637802743021976,0.3199460506439209,fusion_fft_mfcc_scaled_et_20260129_214355.joblib,0.5818619673152772,0.56,0.5650206546811151,0.5818619673152772,0.56,0.5650206546811151,0.8146833333333333,0.637802743021976,0.3199460506439209,"[[32, 13, 3, 2], [14, 23, 13, 0], [10, 9, 27, 4], [3, 7, 10, 30]]"
20260129_212631,STFT,Raw,SVM,0.545,0.5362004121547845,0.8137666666666666,0.6711765397437974,9.119988918304443,stft_raw_svm_20260129_212631.joblib,0.6033030692100758,0.545,0.5362004121547845,0.6033030692100758,0.545,0.5362004121547846,0.8137666666666666,0.6711765397437974,9.119988918304443,"[[44, 2, 4, 0], [25, 14, 11, 0], [18, 8, 23, 1], [9, 4, 9, 28]]"
20260129_214355,Fusion_FFT_MFCC,Scaled,LR,0.535,0.5357620053937499,0.7910666666666667,0.5990432476992684,8.21168303489685,fusion_fft_mfcc_scaled_lr_20260129_214355.joblib,0.549692640920411,0.535,0.5357620053937499,0.5496926409204111,0.535,0.53576200539375,0.7910666666666667,0.5990432476992684,8.21168303489685,"[[33, 7, 7, 3], [19, 18, 11, 2], [10, 12, 25, 3], [6, 6, 7, 31]]"
20260129_215234,Fusion_FFTs_MFCC_STFT,Raw,SVM,0.52,0.5101414903534776,0.8060666666666666,0.6260979002350692,47.86037302017212,fusion_ffts_mfcc_stft_raw_svm_20260129_215234.joblib,0.6164591315453385,0.52,0.5101414903534776,0.6164591315453385,0.52,0.5101414903534774,0.8060666666666666,0.6260979002350692,47.86037302017212,"[[21, 6, 1, 22], [5, 17, 4, 24], [2, 4, 20, 24], [0, 0, 4, 46]]"
20260129_214355,Fusion_FFT_MFCC,Scaled,SVM,0.505,0.4967185515972093,0.7274,0.5225245012602536,4.153673410415649,fusion_fft_mfcc_scaled_svm_20260129_214355.joblib,0.49969104594989333,0.505,0.49671855159720935,0.49969104594989333,0.505,0.49671855159720935,0.7274,0.5225245012602536,4.153673410415649,"[[25, 11, 6, 8], [10, 22, 12, 6], [8, 7, 17, 18], [2, 3, 8, 37]]"
20260129_214355,Fusion_FFT_MFCC,Scaled,KNN,0.505,0.4996105664488017,0.7239833333333334,0.4787458767508017,0.0013575553894042,fusion_fft_mfcc_scaled_knn_20260129_214355.joblib,0.5366806722689076,0.505,0.49961056644880175,0.5366806722689076,0.505,0.49961056644880175,0.7239833333333334,0.4787458767508017,0.0013575553894042969,"[[37, 9, 4, 0], [20, 22, 7, 1], [17, 11, 15, 7], [11, 8, 4, 27]]"
20260129_211831,FFT_Origin,Scaled,ET,0.435,0.4383329736265628,0.68825,0.4632640268195652,0.4886417388916015,fft_origin_scaled_et_20260129_211831.joblib,0.4559511147283083,0.435,0.43833297362656287,0.45595111472830835,0.435,0.4383329736265628,0.68825,0.46326402681956524,0.48864173889160156,"[[25, 8, 14, 3], [20, 15, 12, 3], [12, 11, 22, 5], [7, 7, 11, 25]]"
20260129_212358,MFCC_Default,Scaled,LR,0.42,0.4156361480075901,0.6878333333333333,0.4813394047994636,0.0167460441589355,mfcc_default_scaled_lr_20260129_212358.joblib,0.42681574239713777,0.42000000000000004,0.41563614800759013,0.42681574239713777,0.42,0.41563614800759013,0.6878333333333333,0.4813394047994636,0.016746044158935547,"[[23, 12, 11, 4], [18, 22, 7, 3], [26, 13, 7, 4], [8, 5, 5, 32]]"
20260129_211831,FFT_Origin,Raw,SVM,0.42,0.4225614439324117,0.7155,0.4620469960092668,10.06389331817627,fft_origin_raw_svm_20260129_211831.joblib,0.4608082465767475,0.42,0.4225614439324117,0.4608082465767475,0.42,0.42256144393241174,0.7155,0.46204699600926685,10.06389331817627,"[[27, 19, 1, 3], [17, 22, 10, 1], [24, 13, 11, 2], [6, 8, 12, 24]]"
20260129_211831,FFT_Origin,Raw,ET,0.415,0.4180965577250407,0.6829666666666667,0.4530306217056102,0.5081503391265869,fft_origin_raw_et_20260129_211831.joblib,0.43689841027874565,0.415,0.41809655772504073,0.43689841027874565,0.415,0.41809655772504073,0.6829666666666667,0.4530306217056102,0.5081503391265869,"[[25, 9, 14, 2], [21, 12, 14, 3], [10, 14, 21, 5], [8, 6, 11, 25]]"
20260129_212358,MFCC_Default,Raw,LR,0.415,0.4218853626450091,0.6756666666666666,0.4569665060324454,0.2202792167663574,mfcc_default_raw_lr_20260129_212358.joblib,0.45021488381438335,0.4149999999999999,0.4218853626450091,0.4502148838143834,0.415,0.4218853626450091,0.6756666666666666,0.4569665060324454,0.22027921676635742,"[[25, 6, 17, 2], [17, 21, 12, 0], [24, 13, 8, 5], [13, 3, 5, 29]]"
20260129_214623,Fusion_PCA(FFT+MFCC+STFT),Individual_PCA,SVM,0.405,0.3631090499642116,0.7136333333333333,0.4772223472088797,5.384249687194824,fusion_pca_svm_20260129_214623.joblib,0.46596449837096954,0.40499999999999997,0.3631090499642116,0.46596449837096954,0.405,0.36310904996421156,0.7136333333333333,0.47722234720887974,5.384249687194824,"[[12, 7, 1, 30], [8, 11, 5, 26], [2, 11, 11, 26], [1, 1, 1, 47]]"
20260129_214850,Fusion_PCA(FFTs+MFCCs+STFT),Individual_PCA,SVM,0.405,0.3631090499642116,0.7136333333333333,0.4772223472088797,4.189138650894165,fusion_ffts_mfccs_stft_pca_svm_20260129_214850.joblib,0.46596449837096954,0.40499999999999997,0.3631090499642116,0.46596449837096954,0.405,0.36310904996421156,0.7136333333333333,0.47722234720887974,4.189138650894165,"[[12, 7, 1, 30], [8, 11, 5, 26], [2, 11, 11, 26], [1, 1, 1, 47]]"
20260129_211831,FFT_Origin,Raw,RF,0.395,0.3993481115724822,0.6891499999999999,0.4324701668898201,1.1216940879821775,fft_origin_raw_rf_20260129_211831.joblib,0.4158898827290744,0.395,0.3993481115724822,0.41588988272907446,0.395,0.3993481115724821,0.6891499999999999,0.4324701668898201,1.1216940879821777,"[[24, 15, 8, 3], [19, 15, 13, 3], [17, 15, 13, 5], [8, 8, 7, 27]]"
20260129_211831,FFT_Origin,Raw,KNN,0.385,0.3912450031559015,0.6105833333333333,0.3523815743780315,0.0020368099212646,fft_origin_raw_knn_20260129_211831.joblib,0.42435726950354613,0.385,0.39124500315590155,0.4243572695035461,0.385,0.39124500315590155,0.6105833333333333,0.3523815743780315,0.0020368099212646484,"[[25, 14, 10, 1], [24, 13, 10, 3], [19, 10, 17, 4], [7, 10, 11, 22]]"
20260129_211831,FFT_Origin,Scaled,RF,0.375,0.3841190317430619,0.6869166666666667,0.4327926472182957,1.141975164413452,fft_origin_scaled_rf_20260129_211831.joblib,0.4078377762588289,0.375,0.38411903174306194,0.4078377762588289,0.375,0.38411903174306194,0.6869166666666667,0.4327926472182957,1.1419751644134521,"[[20, 18, 10, 2], [19, 16, 12, 3], [17, 14, 14, 5], [10, 9, 6, 25]]"
20260129_214355,Fusion_FFT_MFCC,Raw,LR,0.365,0.3670917191422809,0.6766666666666666,0.4599127478138124,2.2393667697906494,fusion_fft_mfcc_raw_lr_20260129_214355.joblib,0.3778352541767176,0.365,0.3670917191422809,0.37783525417671754,0.365,0.36709171914228095,0.6766666666666666,0.4599127478138124,2.2393667697906494,"[[19, 11, 16, 4], [18, 19, 12, 1], [24, 15, 5, 6], [9, 5, 6, 30]]"
20260129_211831,FFT_Origin,Scaled,KNN,0.36,0.3611112739139456,0.6368,0.3955156290018598,0.0019874572753906,fft_origin_scaled_knn_20260129_211831.joblib,0.4358367972777472,0.36000000000000004,0.3611112739139456,0.4358367972777472,0.36,0.3611112739139456,0.6368,0.3955156290018598,0.001987457275390625,"[[25, 12, 12, 1], [22, 13, 13, 2], [23, 6, 20, 1], [14, 10, 12, 14]]"
20260129_212948,Fusion_FFT_STFT,Scaled,SVM,0.285,0.1757338251114184,0.50365,0.2866711217186573,50.653813123703,fusion_fft_stft_scaled_svm_20260129_212948.joblib,0.5641361256544503,0.285,0.17573382511141847,0.5641361256544503,0.285,0.17573382511141844,0.50365,0.2866711217186573,50.653813123703,"[[4, 0, 0, 46], [0, 4, 0, 46], [0, 0, 0, 50], [0, 0, 1, 49]]"
20260129_212358,MFCC_Default,Raw,SVM,0.27,0.1402671014830344,0.5,0.25,1.6580052375793457,mfcc_default_raw_svm_20260129_212358.joblib,0.356433506044905,0.27,0.1402671014830344,0.356433506044905,0.27,0.1402671014830344,0.5,0.25,1.6580052375793457,"[[0, 0, 0, 50], [0, 2, 2, 46], [0, 1, 2, 47], [0, 0, 0, 50]]"
20260129_211831,FFT_Origin,Scaled,SVM,0.26,0.1359311740890688,0.5727166666666668,0.3064129456333042,12.337923765182495,fft_origin_scaled_svm_20260129_211831.joblib,0.2953007518796993,0.26,0.13593117408906882,0.2953007518796993,0.26,0.13593117408906882,0.5727166666666668,0.3064129456333042,12.337923765182495,"[[3, 0, 1, 46], [3, 1, 0, 46], [0, 0, 0, 50], [1, 1, 0, 48]]"
20260129_214355,Fusion_FFT_MFCC,Raw,SVM,0.26,0.1208567854909318,0.5,0.25,4.272869825363159,fusion_fft_mfcc_raw_svm_20260129_214355.joblib,0.3137755102040816,0.26,0.12085678549093183,0.3137755102040816,0.26,0.12085678549093183,0.5,0.25,4.272869825363159,"[[0, 0, 0, 50], [0, 1, 1, 48], [0, 1, 1, 48], [0, 0, 0, 50]]"
20260129_214220,MFCCs,Raw,SVM,0.25,0.1,0.5,0.25,1.8594138622283936,mfccs_raw_svm_20260129_214220.joblib,0.0625,0.25,0.1,0.0625,0.25,0.1,0.5,0.25,1.8594138622283936,"[[0, 50, 0, 0], [0, 50, 0, 0], [0, 50, 0, 0], [0, 50, 0, 0]]"
